{
	"character_slot92_standing_0x00":  { "File": "character_supersonic_standing.bmp", "Rect": "8,8,40,48", "Center": "24,28" },
	"character_slot92_standing_0x01":  { "File": "character_supersonic_standing.bmp", "Rect": "64,8,40,48", "Center": "24,28" },
	"character_slot92_standing_0x02":  { "File": "character_supersonic_standing.bmp", "Rect": "120,8,40,48", "Center": "24,28" },
	"character_slot92_standing_0x03":  { "File": "character_supersonic_standing.bmp", "Rect": "176,8,40,48", "Center": "24,28" },
	"character_slot92_standing_0x04":  { "File": "character_supersonic_standing.bmp", "Rect": "232,8,40,48", "Center": "24,28" },
	"character_slot92_standing_0x05":  { "File": "character_supersonic_standing.bmp", "Rect": "288,8,40,48", "Center": "24,28" },
	"character_slot92_standing_0x06":  { "File": "character_supersonic_standing.bmp", "Rect": "344,8,40,48", "Center": "24,28" },
	"character_slot92_standing_0x07":  { "File": "character_supersonic_standing.bmp", "Rect": "400,8,40,48", "Center": "24,28" }
}